district_id,quarter_name,population_2012,population_2025,traffic_2012,traffic_2025,population_growth_pct,traffic_growth_pct,stress_index_pct,stress_classification
1,City,799,783,24367220,17779492,-2.0,-27.0,-25.0,Balanced
1,Hochschulen,673,681,53764914,37364143,1.2,-30.5,-31.7,Balanced
1,Lindenhof,935,1011,4507353,2803953,8.1,-37.8,-45.9,"Residential pressure"
1,Rathaus,3164,3257,4904046,3430513,2.9,-30.0,-33.0,Balanced
2,Enge,8702,10004,6407661,16989166,15.0,165.1,150.2,"Commuter pressure"
2,Leimbach,5354,6358,4366377,3117471,18.8,-28.6,-47.4,"Residential pressure"
2,Wollishofen,16029,22053,4671995,3839989,37.6,-17.8,-55.4,"Residential pressure"
3,Alt-Wiedikon,16109,18855,36948057,42627146,17.0,15.4,-1.7,"Commuter pressure"
3,Friesenberg,10986,11123,2862166,2551764,1.2,-10.8,-12.1,"Commuter pressure"
3,Sihlfeld,20831,21488,13303783,11179045,3.2,-16.0,-19.1,Balanced
4,Hard,12994,12905,9878402,6484796,-0.7,-34.4,-33.7,Balanced
4,Werd,4195,4622,2337374,1999520,10.2,-14.5,-24.6,Balanced
5,"Escher Wyss",3343,6319,28001801,15396446,89.0,-45.0,-134.0,"Residential pressure"
5,Gewerbeschule,9824,9516,7348846,4574026,-3.1,-37.8,-34.6,Balanced
6,Unterstrass,21442,25503,12195039,10860160,18.9,-10.9,-29.9,Balanced
7,Fluntern,7779,8873,5170721,10657177,14.1,106.1,92.0,"Commuter pressure"
7,Hirslanden,7131,7632,10776264,7725910,7.0,-28.3,-35.3,Balanced
7,Hottingen,10447,11588,3208269,2715324,10.9,-15.4,-26.3,Balanced
8,Mühlebach,5745,6454,4193892,3118488,12.3,-25.6,-38.0,"Residential pressure"
8,Seefeld,4916,5859,9341695,7779042,19.2,-16.7,-35.9,"Residential pressure"
9,Altstetten,31438,36212,21954303,9195457,15.2,-58.1,-73.3,"Residential pressure"
10,Höngg,21537,24891,11740532,11794765,15.6,0.5,-15.1,Balanced
10,Wipkingen,15791,16713,35979074,34617183,5.8,-3.8,-9.6,"Commuter pressure"
11,Affoltern,24855,27212,14534495,14437757,9.5,-0.7,-10.1,"Commuter pressure"
11,Oerlikon,21331,24126,48525973,47645077,13.1,-1.8,-14.9,Balanced
11,Seebach,23310,29361,5723329,5276208,26.0,-7.8,-33.8,Balanced
12,Hirzenbach,11404,12657,2556169,1996836,11.0,-21.9,-32.9,Balanced
